territory_code,royalty_period,payee_account_id,deal_id,line_id,payee_id,tango_work_code,source_work_id,source_territory,tango_income_type,composer,source_income_type,statement_id,deal_scope_id,processing_territory,distribution_start,distribution_end,income_provider_id,income_provider_name,exploitation_territory_code,exploitation_territory_name,exploitation_source,product_description,units,amount_received,apportion_share_percentage,statement_line_rate,rate_percentage,rate_application_method_code,amount_paid,tax_rate,withholding_tax,amount_paid_less_tax,distribution_start_short,distribution_end_short,processing_territory_name,source_territory_name,deal_contract_brief_number,deal_scope_name,deal_contracting_parties,tango_income_type_name,tango_income_type_group_name,tango_work_title,creator_names
752,202101202106,5fc31e4b-a649-40c3-b8d3-250f5835454c,7a3d5bf4-567d-4fb8-8252-de7e140e4c48,446d45c4-641b-4157-824c-1b580b2aee58,4a231511-3e2c-4341-abe1-46f0c295dafd,WW 008977019 00,6224454,250,DSMC,LINDAL,SDIGM,22685,37f402af-05d4-483f-933d-1a48650601cc,752,202001,202003,2d2ebf87-90ea-4399-d0b6-443ec97d7322,STIM DIRECT - FRANCE,250,FRANC,Spotify Family Europa Mek.,,197,1.4,100,100,60,SOURCE,0.84,0,0,0.84,20/01,20/03,Sweden,France,163326,"SE 100413256 LINDAL, LISA","LINDAL, LISA JOHANNA",Streaming Mechanical,Digital Mechanical,WHY AM I HERE,"LINDAL, LISA JOHANNA"
752,202101202106,5fc31e4b-a649-40c3-b8d3-250f5835454c,7a3d5bf4-567d-4fb8-8252-de7e140e4c48,48251209-996e-4966-acca-e33c4bfc2447,4a231511-3e2c-4341-abe1-46f0c295dafd,WW 008977019 00,6224454,250,DSPF,LINDAL,SDIGP,22685,37f402af-05d4-483f-933d-1a48650601cc,752,202001,202003,2d2ebf87-90ea-4399-d0b6-443ec97d7322,STIM DIRECT - FRANCE,250,FRANC,Spotify Family Europa Utf.,,197,0.23,100,100,20,SOURCE,0.046,0,0,0.046,20/01,20/03,Sweden,France,163326,"SE 100413256 LINDAL, LISA","LINDAL, LISA JOHANNA",Streaming Performance,Digital Performance,WHY AM I HERE,"LINDAL, LISA JOHANNA"
752,202101202106,5fc31e4b-a649-40c3-b8d3-250f5835454c,7a3d5bf4-567d-4fb8-8252-de7e140e4c48,759ae9d9-9743-4ea0-a013-38192f4270cd,4a231511-3e2c-4341-abe1-46f0c295dafd,WW 008977019 00,6224454,756,DSPF,LINDAL,SDIGP,24515,37f402af-05d4-483f-933d-1a48650601cc,752,201801,201812,4539b94e-21a4-4e32-bdc3-5038d2a8bf6c,STIM DIRECT - SWITZERLAND,756,SWITZERLAN,Spotify Student Europa Utf.,,71,0.15,100,100,20,SOURCE,0.03,0,0,0.03,18/01,18/12,Sweden,Switzerland,163326,"SE 100413256 LINDAL, LISA","LINDAL, LISA JOHANNA",Streaming Performance,Digital Performance,WHY AM I HERE,"LINDAL, LISA JOHANNA"
752,202101202106,5fc31e4b-a649-40c3-b8d3-250f5835454c,7a3d5bf4-567d-4fb8-8252-de7e140e4c48,78069b73-f51e-4ba8-bc5d-e55669c5a6d1,4a231511-3e2c-4341-abe1-46f0c295dafd,WW 008977019 00,6224454,528,DSPF,LINDAL,SDIGP,24523,37f402af-05d4-483f-933d-1a48650601cc,752,201801,201812,31b9f787-cec8-4b49-db81-690f6f3e1b77,STIM DIRECT - NETHERLANDS,528,NETHERLAND,Spotify Premium Europa Utf.,,97,0.46,100,100,20,SOURCE,0.092,0,0,0.092,18/01,18/12,Sweden,Netherlands,163326,"SE 100413256 LINDAL, LISA","LINDAL, LISA JOHANNA",Streaming Performance,Digital Performance,WHY AM I HERE,"LINDAL, LISA JOHANNA"
752,202101202106,5fc31e4b-a649-40c3-b8d3-250f5835454c,7a3d5bf4-567d-4fb8-8252-de7e140e4c48,69d275c8-0da7-4077-9c5b-890efc31243e,4a231511-3e2c-4341-abe1-46f0c295dafd,WW 008977019 00,6224454,724,DSMC,LINDAL,SDIGM,24538,37f402af-05d4-483f-933d-1a48650601cc,752,202004,202006,982540d5-11c1-40ce-f64e-b8abc8a3cb77,"STIM DIRECT - SPAIN, PORTUGAL",620,PORTUGA,Spotify Free Europa Mek.,,114,0.01,100,100,60,SOURCE,0.006,0,0,0.006,20/04,20/06,Sweden,Spain,163326,"SE 100413256 LINDAL, LISA","LINDAL, LISA JOHANNA",Streaming Mechanical,Digital Mechanical,WHY AM I HERE,"LINDAL, LISA JOHANNA"
752,202101202106,5fc31e4b-a649-40c3-b8d3-250f5835454c,7a3d5bf4-567d-4fb8-8252-de7e140e4c48,1b0669c3-bafb-4b2f-992a-5a49709113b8,4a231511-3e2c-4341-abe1-46f0c295dafd,WW 008977019 00,6224454,724,DSPF,LINDAL,SDIGP,24538,37f402af-05d4-483f-933d-1a48650601cc,752,202004,202006,982540d5-11c1-40ce-f64e-b8abc8a3cb77,"STIM DIRECT - SPAIN, PORTUGAL",724,SPAI,Spotify Free Europa Utf.,,66,0.01,100,100,20,SOURCE,0.002,0,0,0.002,20/04,20/06,Sweden,Spain,163326,"SE 100413256 LINDAL, LISA","LINDAL, LISA JOHANNA",Streaming Performance,Digital Performance,WHY AM I HERE,"LINDAL, LISA JOHANNA"
752,202101202106,5fc31e4b-a649-40c3-b8d3-250f5835454c,7a3d5bf4-567d-4fb8-8252-de7e140e4c48,401041d5-a209-4eaa-8574-c8002cf907df,4a231511-3e2c-4341-abe1-46f0c295dafd,WW 008977019 00,6224454,276,DSMC,LINDAL,SDIGM,24539,37f402af-05d4-483f-933d-1a48650601cc,752,202004,202006,95bb1b52-e496-4b6d-e1ff-ab3817af8bdb,STIM DIRECT - GERMANY & EAST EUROPE,616,POLAN,Spotify Family Europa Mek.,,532,0.65,100,100,60,SOURCE,0.39,0,0,0.39,20/04,20/06,Sweden,Germany,163326,"SE 100413256 LINDAL, LISA","LINDAL, LISA JOHANNA",Streaming Mechanical,Digital Mechanical,WHY AM I HERE,"LINDAL, LISA JOHANNA"
752,202101202106,5fc31e4b-a649-40c3-b8d3-250f5835454c,7a3d5bf4-567d-4fb8-8252-de7e140e4c48,6d0ce692-6c0b-4c27-a437-c88d66a11d01,4a231511-3e2c-4341-abe1-46f0c295dafd,WW 008977019 00,6224454,276,DSMC,LINDAL,SDIGM,24539,37f402af-05d4-483f-933d-1a48650601cc,752,202004,202006,95bb1b52-e496-4b6d-e1ff-ab3817af8bdb,STIM DIRECT - GERMANY & EAST EUROPE,792,TURKE,Spotify Family Europa Mek.,,687,0.63,100,100,60,SOURCE,0.378,0,0,0.378,20/04,20/06,Sweden,Germany,163326,"SE 100413256 LINDAL, LISA","LINDAL, LISA JOHANNA",Streaming Mechanical,Digital Mechanical,WHY AM I HERE,"LINDAL, LISA JOHANNA"
752,202101202106,5fc31e4b-a649-40c3-b8d3-250f5835454c,7a3d5bf4-567d-4fb8-8252-de7e140e4c48,918be496-2a59-4962-8a9f-84b226c5220b,4a231511-3e2c-4341-abe1-46f0c295dafd,WW 008977019 00,6224454,276,DSMC,LINDAL,SDIGM,24539,37f402af-05d4-483f-933d-1a48650601cc,752,202004,202006,95bb1b52-e496-4b6d-e1ff-ab3817af8bdb,STIM DIRECT - GERMANY & EAST EUROPE,276,GERMAN,Spotify Family Europa Mek.,,3129,8.64,100,100,60,SOURCE,5.184,0,0,5.184,20/04,20/06,Sweden,Germany,163326,"SE 100413256 LINDAL, LISA","LINDAL, LISA JOHANNA",Streaming Mechanical,Digital Mechanical,WHY AM I HERE,"LINDAL, LISA JOHANNA"
752,202101202106,5fc31e4b-a649-40c3-b8d3-250f5835454c,7a3d5bf4-567d-4fb8-8252-de7e140e4c48,fc327b55-1211-4b02-b1c0-4eeb714f0ce1,4a231511-3e2c-4341-abe1-46f0c295dafd,WW 008977019 00,6224454,276,DSMC,LINDAL,SDIGM,24539,37f402af-05d4-483f-933d-1a48650601cc,752,202004,202006,95bb1b52-e496-4b6d-e1ff-ab3817af8bdb,STIM DIRECT - GERMANY & EAST EUROPE,348,HUNGAR,Spotify Family Europa Mek.,,109,0.12,100,100,60,SOURCE,0.072,0,0,0.072,20/04,20/06,Sweden,Germany,163326,"SE 100413256 LINDAL, LISA","LINDAL, LISA JOHANNA",Streaming Mechanical,Digital Mechanical,WHY AM I HERE,"LINDAL, LISA JOHANNA"
752,202101202106,5fc31e4b-a649-40c3-b8d3-250f5835454c,7a3d5bf4-567d-4fb8-8252-de7e140e4c48,872c14ae-8e3a-49b7-a4b0-3a40d37c8322,4a231511-3e2c-4341-abe1-46f0c295dafd,WW 008977019 00,6224454,276,DSMC,LINDAL,SDIGM,24539,37f402af-05d4-483f-933d-1a48650601cc,752,202004,202006,95bb1b52-e496-4b6d-e1ff-ab3817af8bdb,STIM DIRECT - GERMANY & EAST EUROPE,642,ROMANI,Spotify Free Europa Mek.,,147,0.02,100,100,60,SOURCE,0.012,0,0,0.012,20/04,20/06,Sweden,Germany,163326,"SE 100413256 LINDAL, LISA","LINDAL, LISA JOHANNA",Streaming Mechanical,Digital Mechanical,WHY AM I HERE,"LINDAL, LISA JOHANNA"
752,202101202106,5fc31e4b-a649-40c3-b8d3-250f5835454c,7a3d5bf4-567d-4fb8-8252-de7e140e4c48,b6d19e35-2f83-4d1a-aa5a-84cba424986a,4a231511-3e2c-4341-abe1-46f0c295dafd,WW 008977019 00,6224454,276,DSMC,LINDAL,SDIGM,24539,37f402af-05d4-483f-933d-1a48650601cc,752,202004,202006,95bb1b52-e496-4b6d-e1ff-ab3817af8bdb,STIM DIRECT - GERMANY & EAST EUROPE,276,GERMAN,Spotify Free Europa Mek.,,1050,0.59,100,100,60,SOURCE,0.354,0,0,0.354,20/04,20/06,Sweden,Germany,163326,"SE 100413256 LINDAL, LISA","LINDAL, LISA JOHANNA",Streaming Mechanical,Digital Mechanical,WHY AM I HERE,"LINDAL, LISA JOHANNA"
752,202101202106,5fc31e4b-a649-40c3-b8d3-250f5835454c,7a3d5bf4-567d-4fb8-8252-de7e140e4c48,ecbfc827-acbd-4a07-8e42-14bce2c9acfc,4a231511-3e2c-4341-abe1-46f0c295dafd,WW 008977019 00,6224454,276,DSMC,LINDAL,SDIGM,24539,37f402af-05d4-483f-933d-1a48650601cc,752,202004,202006,95bb1b52-e496-4b6d-e1ff-ab3817af8bdb,STIM DIRECT - GERMANY & EAST EUROPE,792,TURKE,Spotify Free Europa Mek.,,745,0.04,100,100,60,SOURCE,0.024,0,0,0.024,20/04,20/06,Sweden,Germany,163326,"SE 100413256 LINDAL, LISA","LINDAL, LISA JOHANNA",Streaming Mechanical,Digital Mechanical,WHY AM I HERE,"LINDAL, LISA JOHANNA"
752,202101202106,5fc31e4b-a649-40c3-b8d3-250f5835454c,7a3d5bf4-567d-4fb8-8252-de7e140e4c48,f818f397-52e1-432c-8e17-9d440788b27c,4a231511-3e2c-4341-abe1-46f0c295dafd,WW 008977019 00,6224454,276,DSMC,LINDAL,SDIGM,24539,37f402af-05d4-483f-933d-1a48650601cc,752,202004,202006,95bb1b52-e496-4b6d-e1ff-ab3817af8bdb,STIM DIRECT - GERMANY & EAST EUROPE,616,POLAN,Spotify Free Europa Mek.,,669,0.04,100,100,60,SOURCE,0.024,0,0,0.024,20/04,20/06,Sweden,Germany,163326,"SE 100413256 LINDAL, LISA","LINDAL, LISA JOHANNA",Streaming Mechanical,Digital Mechanical,WHY AM I HERE,"LINDAL, LISA JOHANNA"
752,202101202106,5fc31e4b-a649-40c3-b8d3-250f5835454c,7a3d5bf4-567d-4fb8-8252-de7e140e4c48,675f2311-6446-42ec-8f95-6a9765c6a64d,4a231511-3e2c-4341-abe1-46f0c295dafd,WW 008977019 00,6224454,276,DSMC,LINDAL,SDIGM,24539,37f402af-05d4-483f-933d-1a48650601cc,752,202004,202006,95bb1b52-e496-4b6d-e1ff-ab3817af8bdb,STIM DIRECT - GERMANY & EAST EUROPE,276,GERMAN,Spotify Premium Europa Mek.,,2132,9.29,100,100,60,SOURCE,5.574,0,0,5.574,20/04,20/06,Sweden,Germany,163326,"SE 100413256 LINDAL, LISA","LINDAL, LISA JOHANNA",Streaming Mechanical,Digital Mechanical,WHY AM I HERE,"LINDAL, LISA JOHANNA"
752,202101202106,5fc31e4b-a649-40c3-b8d3-250f5835454c,7a3d5bf4-567d-4fb8-8252-de7e140e4c48,cfeca12a-08f4-4ba8-a416-a132d4367949,4a231511-3e2c-4341-abe1-46f0c295dafd,WW 008977019 00,6224454,276,DSMC,LINDAL,SDIGM,24539,37f402af-05d4-483f-933d-1a48650601cc,752,202004,202006,95bb1b52-e496-4b6d-e1ff-ab3817af8bdb,STIM DIRECT - GERMANY & EAST EUROPE,616,POLAN,Spotify Premium Europa Mek.,,327,0.69,100,100,60,SOURCE,0.414,0,0,0.414,20/04,20/06,Sweden,Germany,163326,"SE 100413256 LINDAL, LISA","LINDAL, LISA JOHANNA",Streaming Mechanical,Digital Mechanical,WHY AM I HERE,"LINDAL, LISA JOHANNA"
752,202101202106,5fc31e4b-a649-40c3-b8d3-250f5835454c,7a3d5bf4-567d-4fb8-8252-de7e140e4c48,fc446f10-e786-447d-8f65-3e91993a6140,4a231511-3e2c-4341-abe1-46f0c295dafd,WW 008977019 00,6224454,276,DSMC,LINDAL,SDIGM,24539,37f402af-05d4-483f-933d-1a48650601cc,752,202004,202006,95bb1b52-e496-4b6d-e1ff-ab3817af8bdb,STIM DIRECT - GERMANY & EAST EUROPE,792,TURKE,Spotify Premium Europa Mek.,,809,1.43,100,100,60,SOURCE,0.858,0,0,0.858,20/04,20/06,Sweden,Germany,163326,"SE 100413256 LINDAL, LISA","LINDAL, LISA JOHANNA",Streaming Mechanical,Digital Mechanical,WHY AM I HERE,"LINDAL, LISA JOHANNA"
752,202101202106,5fc31e4b-a649-40c3-b8d3-250f5835454c,7a3d5bf4-567d-4fb8-8252-de7e140e4c48,62d022fb-fc44-4d4d-8ade-56e8955a80c6,4a231511-3e2c-4341-abe1-46f0c295dafd,WW 008977019 00,6224454,276,DSMC,LINDAL,SDIGM,24539,37f402af-05d4-483f-933d-1a48650601cc,752,202004,202006,95bb1b52-e496-4b6d-e1ff-ab3817af8bdb,STIM DIRECT - GERMANY & EAST EUROPE,276,GERMAN,Spotify Student Europa Mek.,,296,0.58,100,100,60,SOURCE,0.348,0,0,0.348,20/04,20/06,Sweden,Germany,163326,"SE 100413256 LINDAL, LISA","LINDAL, LISA JOHANNA",Streaming Mechanical,Digital Mechanical,WHY AM I HERE,"LINDAL, LISA JOHANNA"
752,202101202106,5fc31e4b-a649-40c3-b8d3-250f5835454c,7a3d5bf4-567d-4fb8-8252-de7e140e4c48,bfcb459c-5fed-4fb0-9f3b-c9a8021747b0,4a231511-3e2c-4341-abe1-46f0c295dafd,WW 008977019 00,6224454,276,DSMC,LINDAL,SDIGM,24539,37f402af-05d4-483f-933d-1a48650601cc,752,202004,202006,95bb1b52-e496-4b6d-e1ff-ab3817af8bdb,STIM DIRECT - GERMANY & EAST EUROPE,792,TURKE,Spotify Student Europa Mek.,,384,0.32,100,100,60,SOURCE,0.192,0,0,0.192,20/04,20/06,Sweden,Germany,163326,"SE 100413256 LINDAL, LISA","LINDAL, LISA JOHANNA",Streaming Mechanical,Digital Mechanical,WHY AM I HERE,"LINDAL, LISA JOHANNA"
752,202101202106,5fc31e4b-a649-40c3-b8d3-250f5835454c,7a3d5bf4-567d-4fb8-8252-de7e140e4c48,1082695f-374e-493d-969d-4bf61db0b0a3,4a231511-3e2c-4341-abe1-46f0c295dafd,WW 008977019 00,6224454,276,DSPF,LINDAL,SDIGP,24539,37f402af-05d4-483f-933d-1a48650601cc,752,202004,202006,95bb1b52-e496-4b6d-e1ff-ab3817af8bdb,STIM DIRECT - GERMANY & EAST EUROPE,792,TURKE,Spotify Family Europa Utf.,,687,0.32,100,100,20,SOURCE,0.064,0,0,0.064,20/04,20/06,Sweden,Germany,163326,"SE 100413256 LINDAL, LISA","LINDAL, LISA JOHANNA",Streaming Performance,Digital Performance,WHY AM I HERE,"LINDAL, LISA JOHANNA"
752,202101202106,5fc31e4b-a649-40c3-b8d3-250f5835454c,7a3d5bf4-567d-4fb8-8252-de7e140e4c48,96c0ae96-daa2-4348-8877-59e0dc5f3ed3,4a231511-3e2c-4341-abe1-46f0c295dafd,WW 008977019 00,6224454,276,DSPF,LINDAL,SDIGP,24539,37f402af-05d4-483f-933d-1a48650601cc,752,202004,202006,95bb1b52-e496-4b6d-e1ff-ab3817af8bdb,STIM DIRECT - GERMANY & EAST EUROPE,348,HUNGAR,Spotify Family Europa Utf.,,109,0.18,100,100,20,SOURCE,0.036,0,0,0.036,20/04,20/06,Sweden,Germany,163326,"SE 100413256 LINDAL, LISA","LINDAL, LISA JOHANNA",Streaming Performance,Digital Performance,WHY AM I HERE,"LINDAL, LISA JOHANNA"
752,202101202106,5fc31e4b-a649-40c3-b8d3-250f5835454c,7a3d5bf4-567d-4fb8-8252-de7e140e4c48,a1646bb7-7d02-4b11-a8eb-e9f39b8eaa92,4a231511-3e2c-4341-abe1-46f0c295dafd,WW 008977019 00,6224454,276,DSPF,LINDAL,SDIGP,24539,37f402af-05d4-483f-933d-1a48650601cc,752,202004,202006,95bb1b52-e496-4b6d-e1ff-ab3817af8bdb,STIM DIRECT - GERMANY & EAST EUROPE,616,POLAN,Spotify Family Europa Utf.,,532,0.62,100,100,20,SOURCE,0.124,0,0,0.124,20/04,20/06,Sweden,Germany,163326,"SE 100413256 LINDAL, LISA","LINDAL, LISA JOHANNA",Streaming Performance,Digital Performance,WHY AM I HERE,"LINDAL, LISA JOHANNA"
752,202101202106,5fc31e4b-a649-40c3-b8d3-250f5835454c,7a3d5bf4-567d-4fb8-8252-de7e140e4c48,b24f6dfc-b10d-440c-84d0-fb13134be2bc,4a231511-3e2c-4341-abe1-46f0c295dafd,WW 008977019 00,6224454,276,DSPF,LINDAL,SDIGP,24539,37f402af-05d4-483f-933d-1a48650601cc,752,202004,202006,95bb1b52-e496-4b6d-e1ff-ab3817af8bdb,STIM DIRECT - GERMANY & EAST EUROPE,276,GERMAN,Spotify Family Europa Utf.,,3129,8.64,100,100,20,SOURCE,1.728,0,0,1.728,20/04,20/06,Sweden,Germany,163326,"SE 100413256 LINDAL, LISA","LINDAL, LISA JOHANNA",Streaming Performance,Digital Performance,WHY AM I HERE,"LINDAL, LISA JOHANNA"
752,202101202106,5fc31e4b-a649-40c3-b8d3-250f5835454c,7a3d5bf4-567d-4fb8-8252-de7e140e4c48,86047793-c8e4-4829-898b-cc2b59ac2eea,4a231511-3e2c-4341-abe1-46f0c295dafd,WW 008977019 00,6224454,276,DSPF,LINDAL,SDIGP,24539,37f402af-05d4-483f-933d-1a48650601cc,752,202004,202006,95bb1b52-e496-4b6d-e1ff-ab3817af8bdb,STIM DIRECT - GERMANY & EAST EUROPE,616,POLAN,Spotify Free Europa Utf.,,669,0.04,100,100,20,SOURCE,0.008,0,0,0.008,20/04,20/06,Sweden,Germany,163326,"SE 100413256 LINDAL, LISA","LINDAL, LISA JOHANNA",Streaming Performance,Digital Performance,WHY AM I HERE,"LINDAL, LISA JOHANNA"
752,202101202106,5fc31e4b-a649-40c3-b8d3-250f5835454c,7a3d5bf4-567d-4fb8-8252-de7e140e4c48,eb0216f1-7993-46ec-91c5-1a9f3993f021,4a231511-3e2c-4341-abe1-46f0c295dafd,WW 008977019 00,6224454,276,DSPF,LINDAL,SDIGP,24539,37f402af-05d4-483f-933d-1a48650601cc,752,202004,202006,95bb1b52-e496-4b6d-e1ff-ab3817af8bdb,STIM DIRECT - GERMANY & EAST EUROPE,276,GERMAN,Spotify Free Europa Utf.,,1050,0.59,100,100,20,SOURCE,0.118,0,0,0.118,20/04,20/06,Sweden,Germany,163326,"SE 100413256 LINDAL, LISA","LINDAL, LISA JOHANNA",Streaming Performance,Digital Performance,WHY AM I HERE,"LINDAL, LISA JOHANNA"
752,202101202106,5fc31e4b-a649-40c3-b8d3-250f5835454c,7a3d5bf4-567d-4fb8-8252-de7e140e4c48,f2064a1a-5170-4b54-856e-3a98bcd09fc0,4a231511-3e2c-4341-abe1-46f0c295dafd,WW 008977019 00,6224454,276,DSPF,LINDAL,SDIGP,24539,37f402af-05d4-483f-933d-1a48650601cc,752,202004,202006,95bb1b52-e496-4b6d-e1ff-ab3817af8bdb,STIM DIRECT - GERMANY & EAST EUROPE,792,TURKE,Spotify Free Europa Utf.,,576,0.02,100,100,20,SOURCE,0.004,0,0,0.004,20/04,20/06,Sweden,Germany,163326,"SE 100413256 LINDAL, LISA","LINDAL, LISA JOHANNA",Streaming Performance,Digital Performance,WHY AM I HERE,"LINDAL, LISA JOHANNA"
752,202101202106,5fc31e4b-a649-40c3-b8d3-250f5835454c,7a3d5bf4-567d-4fb8-8252-de7e140e4c48,68482d3e-949c-4cc7-a6ab-96b75c119fb6,4a231511-3e2c-4341-abe1-46f0c295dafd,WW 008977019 00,6224454,276,DSPF,LINDAL,SDIGP,24539,37f402af-05d4-483f-933d-1a48650601cc,752,202004,202006,95bb1b52-e496-4b6d-e1ff-ab3817af8bdb,STIM DIRECT - GERMANY & EAST EUROPE,792,TURKE,Spotify Premium Europa Utf.,,809,0.72,100,100,20,SOURCE,0.144,0,0,0.144,20/04,20/06,Sweden,Germany,163326,"SE 100413256 LINDAL, LISA","LINDAL, LISA JOHANNA",Streaming Performance,Digital Performance,WHY AM I HERE,"LINDAL, LISA JOHANNA"
752,202101202106,5fc31e4b-a649-40c3-b8d3-250f5835454c,7a3d5bf4-567d-4fb8-8252-de7e140e4c48,6aa1247a-d751-40df-9c02-4a89b39903ce,4a231511-3e2c-4341-abe1-46f0c295dafd,WW 008977019 00,6224454,276,DSPF,LINDAL,SDIGP,24539,37f402af-05d4-483f-933d-1a48650601cc,752,202004,202006,95bb1b52-e496-4b6d-e1ff-ab3817af8bdb,STIM DIRECT - GERMANY & EAST EUROPE,276,GERMAN,Spotify Premium Europa Utf.,,2132,9.29,100,100,20,SOURCE,1.858,0,0,1.858,20/04,20/06,Sweden,Germany,163326,"SE 100413256 LINDAL, LISA","LINDAL, LISA JOHANNA",Streaming Performance,Digital Performance,WHY AM I HERE,"LINDAL, LISA JOHANNA"
752,202101202106,5fc31e4b-a649-40c3-b8d3-250f5835454c,7a3d5bf4-567d-4fb8-8252-de7e140e4c48,d837a2a8-0017-4555-afdd-f7ba0b541e97,4a231511-3e2c-4341-abe1-46f0c295dafd,WW 008977019 00,6224454,276,DSPF,LINDAL,SDIGP,24539,37f402af-05d4-483f-933d-1a48650601cc,752,202004,202006,95bb1b52-e496-4b6d-e1ff-ab3817af8bdb,STIM DIRECT - GERMANY & EAST EUROPE,616,POLAN,Spotify Premium Europa Utf.,,327,0.64,100,100,20,SOURCE,0.128,0,0,0.128,20/04,20/06,Sweden,Germany,163326,"SE 100413256 LINDAL, LISA","LINDAL, LISA JOHANNA",Streaming Performance,Digital Performance,WHY AM I HERE,"LINDAL, LISA JOHANNA"
752,202101202106,5fc31e4b-a649-40c3-b8d3-250f5835454c,7a3d5bf4-567d-4fb8-8252-de7e140e4c48,849aacb4-7042-489e-b3d8-e0b2a90fc171,4a231511-3e2c-4341-abe1-46f0c295dafd,WW 008977019 00,6224454,276,DSPF,LINDAL,SDIGP,24539,37f402af-05d4-483f-933d-1a48650601cc,752,202004,202006,95bb1b52-e496-4b6d-e1ff-ab3817af8bdb,STIM DIRECT - GERMANY & EAST EUROPE,792,TURKE,Spotify Student Europa Utf.,,384,0.15,100,100,20,SOURCE,0.03,0,0,0.03,20/04,20/06,Sweden,Germany,163326,"SE 100413256 LINDAL, LISA","LINDAL, LISA JOHANNA",Streaming Performance,Digital Performance,WHY AM I HERE,"LINDAL, LISA JOHANNA"
752,202101202106,5fc31e4b-a649-40c3-b8d3-250f5835454c,7a3d5bf4-567d-4fb8-8252-de7e140e4c48,84f5baf6-fa8f-44e4-a831-5fce99616c1b,4a231511-3e2c-4341-abe1-46f0c295dafd,WW 008977019 00,6224454,276,DSPF,LINDAL,SDIGP,24539,37f402af-05d4-483f-933d-1a48650601cc,752,202004,202006,95bb1b52-e496-4b6d-e1ff-ab3817af8bdb,STIM DIRECT - GERMANY & EAST EUROPE,276,GERMAN,Spotify Student Europa Utf.,,296,0.59,100,100,20,SOURCE,0.118,0,0,0.118,20/04,20/06,Sweden,Germany,163326,"SE 100413256 LINDAL, LISA","LINDAL, LISA JOHANNA",Streaming Performance,Digital Performance,WHY AM I HERE,"LINDAL, LISA JOHANNA"
752,202101202106,5fc31e4b-a649-40c3-b8d3-250f5835454c,7a3d5bf4-567d-4fb8-8252-de7e140e4c48,9594bbe6-4d77-42f5-836d-ad6c8a4f0067,4a231511-3e2c-4341-abe1-46f0c295dafd,WW 008977019 00,6224454,756,DSMC,LINDAL,SDIGM,24540,37f402af-05d4-483f-933d-1a48650601cc,752,202004,202006,4539b94e-21a4-4e32-bdc3-5038d2a8bf6c,STIM DIRECT - SWITZERLAND,756,SWITZERLAN,Spotify Family Europa Mek.,,320,0.87,100,100,60,SOURCE,0.522,0,0,0.522,20/04,20/06,Sweden,Switzerland,163326,"SE 100413256 LINDAL, LISA","LINDAL, LISA JOHANNA",Streaming Mechanical,Digital Mechanical,WHY AM I HERE,"LINDAL, LISA JOHANNA"
752,202101202106,5fc31e4b-a649-40c3-b8d3-250f5835454c,7a3d5bf4-567d-4fb8-8252-de7e140e4c48,cfb1ee0a-3c6e-4978-8495-c3e7db2969b5,4a231511-3e2c-4341-abe1-46f0c295dafd,WW 008977019 00,6224454,756,DSMC,LINDAL,SDIGM,24540,37f402af-05d4-483f-933d-1a48650601cc,752,202004,202006,4539b94e-21a4-4e32-bdc3-5038d2a8bf6c,STIM DIRECT - SWITZERLAND,756,SWITZERLAN,Spotify Premium Europa Mek.,,94,0.4,100,100,60,SOURCE,0.24,0,0,0.24,20/04,20/06,Sweden,Switzerland,163326,"SE 100413256 LINDAL, LISA","LINDAL, LISA JOHANNA",Streaming Mechanical,Digital Mechanical,WHY AM I HERE,"LINDAL, LISA JOHANNA"
752,202101202106,5fc31e4b-a649-40c3-b8d3-250f5835454c,7a3d5bf4-567d-4fb8-8252-de7e140e4c48,b7ac4043-4761-4f23-8377-4fa910feeac9,4a231511-3e2c-4341-abe1-46f0c295dafd,WW 008977019 00,6224454,756,DSPF,LINDAL,SDIGP,24540,37f402af-05d4-483f-933d-1a48650601cc,752,202004,202006,4539b94e-21a4-4e32-bdc3-5038d2a8bf6c,STIM DIRECT - SWITZERLAND,756,SWITZERLAN,Spotify Family Europa Utf.,,320,1.32,100,100,20,SOURCE,0.264,0,0,0.264,20/04,20/06,Sweden,Switzerland,163326,"SE 100413256 LINDAL, LISA","LINDAL, LISA JOHANNA",Streaming Performance,Digital Performance,WHY AM I HERE,"LINDAL, LISA JOHANNA"
752,202101202106,5fc31e4b-a649-40c3-b8d3-250f5835454c,7a3d5bf4-567d-4fb8-8252-de7e140e4c48,c7da5d15-47ad-4485-8c11-2814e6ea5a2b,4a231511-3e2c-4341-abe1-46f0c295dafd,WW 008977019 00,6224454,756,DSPF,LINDAL,SDIGP,24540,37f402af-05d4-483f-933d-1a48650601cc,752,202004,202006,4539b94e-21a4-4e32-bdc3-5038d2a8bf6c,STIM DIRECT - SWITZERLAND,756,SWITZERLAN,Spotify Premium Europa Utf.,,94,0.62,100,100,20,SOURCE,0.124,0,0,0.124,20/04,20/06,Sweden,Switzerland,163326,"SE 100413256 LINDAL, LISA","LINDAL, LISA JOHANNA",Streaming Performance,Digital Performance,WHY AM I HERE,"LINDAL, LISA JOHANNA"
752,202101202106,5fc31e4b-a649-40c3-b8d3-250f5835454c,7a3d5bf4-567d-4fb8-8252-de7e140e4c48,e0f54777-fe59-41bf-a326-5857dd274f45,4a231511-3e2c-4341-abe1-46f0c295dafd,WW 008977019 00,6224454,356,DSMC,LINDAL,SDIGM,24541,37f402af-05d4-483f-933d-1a48650601cc,752,202004,202006,c579e2aa-3d89-4099-ad93-00f12b9c937b,STIM DIRECT - ASIA PAC,356,INDI,Spotify Premium Asien EUR Mek,,31,0.04,100,100,60,SOURCE,0.024,0,0,0.024,20/04,20/06,Sweden,India,163326,"SE 100413256 LINDAL, LISA","LINDAL, LISA JOHANNA",Streaming Mechanical,Digital Mechanical,WHY AM I HERE,"LINDAL, LISA JOHANNA"
752,202101202106,5fc31e4b-a649-40c3-b8d3-250f5835454c,7a3d5bf4-567d-4fb8-8252-de7e140e4c48,e706e2f1-e68e-4463-8e7a-ac00c0157df5,4a231511-3e2c-4341-abe1-46f0c295dafd,WW 008977019 00,6224454,356,DSPF,LINDAL,SDIGP,24541,37f402af-05d4-483f-933d-1a48650601cc,752,202004,202006,c579e2aa-3d89-4099-ad93-00f12b9c937b,STIM DIRECT - ASIA PAC,356,INDI,Spotify Premium Asien EUR Utf,,44,0.03,100,100,20,SOURCE,0.006,0,0,0.006,20/04,20/06,Sweden,India,163326,"SE 100413256 LINDAL, LISA","LINDAL, LISA JOHANNA",Streaming Performance,Digital Performance,WHY AM I HERE,"LINDAL, LISA JOHANNA"
752,202101202106,5fc31e4b-a649-40c3-b8d3-250f5835454c,7a3d5bf4-567d-4fb8-8252-de7e140e4c48,fe025414-7b32-4ddf-96d0-2e38d3a6695b,4a231511-3e2c-4341-abe1-46f0c295dafd,WW 008977019 00,6224454,356,DSPF,LINDAL,SDIGP,24541,37f402af-05d4-483f-933d-1a48650601cc,752,202004,202006,c579e2aa-3d89-4099-ad93-00f12b9c937b,STIM DIRECT - ASIA PAC,704,VIETNA,Spotify Premium Asien EUR Utf,,24,0.02,100,100,20,SOURCE,0.004,0,0,0.004,20/04,20/06,Sweden,India,163326,"SE 100413256 LINDAL, LISA","LINDAL, LISA JOHANNA",Streaming Performance,Digital Performance,WHY AM I HERE,"LINDAL, LISA JOHANNA"
752,202101202106,5fc31e4b-a649-40c3-b8d3-250f5835454c,7a3d5bf4-567d-4fb8-8252-de7e140e4c48,4137b63d-10f8-420f-9c77-799f857b10f5,4a231511-3e2c-4341-abe1-46f0c295dafd,WW 008977019 00,6224454,380,DSMC,LINDAL,SDIGM,24542,37f402af-05d4-483f-933d-1a48650601cc,752,202004,202006,c02cd754-b0fa-4bed-d6dc-b16ca50395f3,STIM DIRECT - ITALY,380,ITAL,Spotify Family Europa Mek.,,203,0.36,100,100,60,SOURCE,0.216,0,0,0.216,20/04,20/06,Sweden,Italy,163326,"SE 100413256 LINDAL, LISA","LINDAL, LISA JOHANNA",Streaming Mechanical,Digital Mechanical,WHY AM I HERE,"LINDAL, LISA JOHANNA"
752,202101202106,5fc31e4b-a649-40c3-b8d3-250f5835454c,7a3d5bf4-567d-4fb8-8252-de7e140e4c48,c7c5896b-8ef3-46e7-94b7-6816930f295d,4a231511-3e2c-4341-abe1-46f0c295dafd,WW 008977019 00,6224454,380,DSMC,LINDAL,SDIGM,24542,37f402af-05d4-483f-933d-1a48650601cc,752,202004,202006,c02cd754-b0fa-4bed-d6dc-b16ca50395f3,STIM DIRECT - ITALY,380,ITAL,Spotify Free Europa Mek.,,1288,0.16,100,100,60,SOURCE,0.096,0,0,0.096,20/04,20/06,Sweden,Italy,163326,"SE 100413256 LINDAL, LISA","LINDAL, LISA JOHANNA",Streaming Mechanical,Digital Mechanical,WHY AM I HERE,"LINDAL, LISA JOHANNA"
752,202101202106,5fc31e4b-a649-40c3-b8d3-250f5835454c,7a3d5bf4-567d-4fb8-8252-de7e140e4c48,66ad6cd1-b158-4089-a6e4-471688b05765,4a231511-3e2c-4341-abe1-46f0c295dafd,WW 008977019 00,6224454,380,DSMC,LINDAL,SDIGM,24542,37f402af-05d4-483f-933d-1a48650601cc,752,202004,202006,c02cd754-b0fa-4bed-d6dc-b16ca50395f3,STIM DIRECT - ITALY,380,ITAL,Spotify Premium Europa Mek.,,109,0.42,100,100,60,SOURCE,0.252,0,0,0.252,20/04,20/06,Sweden,Italy,163326,"SE 100413256 LINDAL, LISA","LINDAL, LISA JOHANNA",Streaming Mechanical,Digital Mechanical,WHY AM I HERE,"LINDAL, LISA JOHANNA"
752,202101202106,5fc31e4b-a649-40c3-b8d3-250f5835454c,7a3d5bf4-567d-4fb8-8252-de7e140e4c48,3ba0a0d1-d9f0-4284-a5a6-2ecf736d216f,4a231511-3e2c-4341-abe1-46f0c295dafd,WW 008977019 00,6224454,380,DSPF,LINDAL,SDIGP,24542,37f402af-05d4-483f-933d-1a48650601cc,752,202004,202006,c02cd754-b0fa-4bed-d6dc-b16ca50395f3,STIM DIRECT - ITALY,380,ITAL,Spotify Family Europa Utf.,,203,0.56,100,100,20,SOURCE,0.112,0,0,0.112,20/04,20/06,Sweden,Italy,163326,"SE 100413256 LINDAL, LISA","LINDAL, LISA JOHANNA",Streaming Performance,Digital Performance,WHY AM I HERE,"LINDAL, LISA JOHANNA"
752,202101202106,5fc31e4b-a649-40c3-b8d3-250f5835454c,7a3d5bf4-567d-4fb8-8252-de7e140e4c48,ceda0c48-ebc5-4dfd-b79e-efca7baa3926,4a231511-3e2c-4341-abe1-46f0c295dafd,WW 008977019 00,6224454,380,DSPF,LINDAL,SDIGP,24542,37f402af-05d4-483f-933d-1a48650601cc,752,202004,202006,c02cd754-b0fa-4bed-d6dc-b16ca50395f3,STIM DIRECT - ITALY,380,ITAL,Spotify Free Europa Utf.,,1288,0.25,100,100,20,SOURCE,0.05,0,0,0.05,20/04,20/06,Sweden,Italy,163326,"SE 100413256 LINDAL, LISA","LINDAL, LISA JOHANNA",Streaming Performance,Digital Performance,WHY AM I HERE,"LINDAL, LISA JOHANNA"
752,202101202106,5fc31e4b-a649-40c3-b8d3-250f5835454c,7a3d5bf4-567d-4fb8-8252-de7e140e4c48,7412ec7a-e4ab-41ee-9499-7eb099912c9a,4a231511-3e2c-4341-abe1-46f0c295dafd,WW 008977019 00,6224454,380,DSPF,LINDAL,SDIGP,24542,37f402af-05d4-483f-933d-1a48650601cc,752,202004,202006,c02cd754-b0fa-4bed-d6dc-b16ca50395f3,STIM DIRECT - ITALY,380,ITAL,Spotify Premium Europa Utf.,,109,0.63,100,100,20,SOURCE,0.126,0,0,0.126,20/04,20/06,Sweden,Italy,163326,"SE 100413256 LINDAL, LISA","LINDAL, LISA JOHANNA",Streaming Performance,Digital Performance,WHY AM I HERE,"LINDAL, LISA JOHANNA"
752,202101202106,5fc31e4b-a649-40c3-b8d3-250f5835454c,7a3d5bf4-567d-4fb8-8252-de7e140e4c48,236f7edd-dac9-4ffd-abb8-23192bb57c8e,4a231511-3e2c-4341-abe1-46f0c295dafd,WW 008977019 00,6224454,422,DSMC,LINDAL,SDIGM,24543,37f402af-05d4-483f-933d-1a48650601cc,752,202004,202006,55656854-e8a8-49b6-e99d-a948227ec647,STIM DIRECT - MID EAST,682,SAUDI ARABI,Spotify Premium Asien EUR Mek,,72,0.35,100,100,60,SOURCE,0.21,0,0,0.21,20/04,20/06,Sweden,Lebanon,163326,"SE 100413256 LINDAL, LISA","LINDAL, LISA JOHANNA",Streaming Mechanical,Digital Mechanical,WHY AM I HERE,"LINDAL, LISA JOHANNA"
752,202101202106,5fc31e4b-a649-40c3-b8d3-250f5835454c,7a3d5bf4-567d-4fb8-8252-de7e140e4c48,33e39f75-a11b-41a9-97fd-eeef6be34f7e,4a231511-3e2c-4341-abe1-46f0c295dafd,WW 008977019 00,6224454,422,DSMC,LINDAL,SDIGM,24543,37f402af-05d4-483f-933d-1a48650601cc,752,202004,202006,55656854-e8a8-49b6-e99d-a948227ec647,STIM DIRECT - MID EAST,784,UNITED ARAB EMIRATES,Spotify Premium Asien EUR Mek,,26,0.12,100,100,60,SOURCE,0.072,0,0,0.072,20/04,20/06,Sweden,Lebanon,163326,"SE 100413256 LINDAL, LISA","LINDAL, LISA JOHANNA",Streaming Mechanical,Digital Mechanical,WHY AM I HERE,"LINDAL, LISA JOHANNA"
752,202101202106,5fc31e4b-a649-40c3-b8d3-250f5835454c,7a3d5bf4-567d-4fb8-8252-de7e140e4c48,3a3e8dec-6803-4c3a-8e0f-5194a16eef66,4a231511-3e2c-4341-abe1-46f0c295dafd,WW 008977019 00,6224454,422,DSMC,LINDAL,SDIGM,24543,37f402af-05d4-483f-933d-1a48650601cc,752,202004,202006,55656854-e8a8-49b6-e99d-a948227ec647,STIM DIRECT - MID EAST,400,JORDA,Spotify Premium Asien EUR Mek,,6,0.02,100,100,60,SOURCE,0.012,0,0,0.012,20/04,20/06,Sweden,Lebanon,163326,"SE 100413256 LINDAL, LISA","LINDAL, LISA JOHANNA",Streaming Mechanical,Digital Mechanical,WHY AM I HERE,"LINDAL, LISA JOHANNA"
752,202101202106,5fc31e4b-a649-40c3-b8d3-250f5835454c,7a3d5bf4-567d-4fb8-8252-de7e140e4c48,208ea0ac-8760-4e05-9081-c037ebc01d6d,4a231511-3e2c-4341-abe1-46f0c295dafd,WW 008977019 00,6224454,422,DSPF,LINDAL,SDIGP,24543,37f402af-05d4-483f-933d-1a48650601cc,752,202004,202006,55656854-e8a8-49b6-e99d-a948227ec647,STIM DIRECT - MID EAST,784,UNITED ARAB EMIRATES,Spotify Premium Asien EUR Utf,,50,0.11,100,100,20,SOURCE,0.022,0,0,0.022,20/04,20/06,Sweden,Lebanon,163326,"SE 100413256 LINDAL, LISA","LINDAL, LISA JOHANNA",Streaming Performance,Digital Performance,WHY AM I HERE,"LINDAL, LISA JOHANNA"
752,202101202106,5fc31e4b-a649-40c3-b8d3-250f5835454c,7a3d5bf4-567d-4fb8-8252-de7e140e4c48,922abf7e-8fde-4024-a9ac-325aeb27db8e,4a231511-3e2c-4341-abe1-46f0c295dafd,WW 008977019 00,6224454,422,DSPF,LINDAL,SDIGP,24543,37f402af-05d4-483f-933d-1a48650601cc,752,202004,202006,55656854-e8a8-49b6-e99d-a948227ec647,STIM DIRECT - MID EAST,682,SAUDI ARABI,Spotify Premium Asien EUR Utf,,125,0.31,100,100,20,SOURCE,0.062,0,0,0.062,20/04,20/06,Sweden,Lebanon,163326,"SE 100413256 LINDAL, LISA","LINDAL, LISA JOHANNA",Streaming Performance,Digital Performance,WHY AM I HERE,"LINDAL, LISA JOHANNA"
752,202101202106,5fc31e4b-a649-40c3-b8d3-250f5835454c,7a3d5bf4-567d-4fb8-8252-de7e140e4c48,db0abba6-8e03-4f11-9c0f-bc21c96b3303,4a231511-3e2c-4341-abe1-46f0c295dafd,WW 008977019 00,6224454,422,DSPF,LINDAL,SDIGP,24543,37f402af-05d4-483f-933d-1a48650601cc,752,202004,202006,55656854-e8a8-49b6-e99d-a948227ec647,STIM DIRECT - MID EAST,400,JORDA,Spotify Premium Asien EUR Utf,,6,0.01,100,100,20,SOURCE,0.002,0,0,0.002,20/04,20/06,Sweden,Lebanon,163326,"SE 100413256 LINDAL, LISA","LINDAL, LISA JOHANNA",Streaming Performance,Digital Performance,WHY AM I HERE,"LINDAL, LISA JOHANNA"
752,202101202106,5fc31e4b-a649-40c3-b8d3-250f5835454c,7a3d5bf4-567d-4fb8-8252-de7e140e4c48,7e67f0f1-3440-4c36-9212-6882c38fccf9,4a231511-3e2c-4341-abe1-46f0c295dafd,WW 008977019 00,6224454,40,DSMC,LINDAL,SDIGM,24544,37f402af-05d4-483f-933d-1a48650601cc,752,202004,202006,39756df3-565c-43ab-f791-57b1b1e7fb18,STIM DIRECT - AUSTRIA,40,AUSTRI,Spotify Family Europa Mek.,,204,0.51,100,100,60,SOURCE,0.306,0,0,0.306,20/04,20/06,Sweden,Austria,163326,"SE 100413256 LINDAL, LISA","LINDAL, LISA JOHANNA",Streaming Mechanical,Digital Mechanical,WHY AM I HERE,"LINDAL, LISA JOHANNA"
752,202101202106,5fc31e4b-a649-40c3-b8d3-250f5835454c,7a3d5bf4-567d-4fb8-8252-de7e140e4c48,0c7f0c05-9f63-493b-8477-6be69950c5b8,4a231511-3e2c-4341-abe1-46f0c295dafd,WW 008977019 00,6224454,40,DSMC,LINDAL,SDIGM,24544,37f402af-05d4-483f-933d-1a48650601cc,752,202004,202006,39756df3-565c-43ab-f791-57b1b1e7fb18,STIM DIRECT - AUSTRIA,40,AUSTRI,Spotify Free Europa Mek.,,182,0.04,100,100,60,SOURCE,0.024,0,0,0.024,20/04,20/06,Sweden,Austria,163326,"SE 100413256 LINDAL, LISA","LINDAL, LISA JOHANNA",Streaming Mechanical,Digital Mechanical,WHY AM I HERE,"LINDAL, LISA JOHANNA"
752,202101202106,5fc31e4b-a649-40c3-b8d3-250f5835454c,7a3d5bf4-567d-4fb8-8252-de7e140e4c48,a5f80e19-1f57-4328-b8fb-681bd749bca4,4a231511-3e2c-4341-abe1-46f0c295dafd,WW 008977019 00,6224454,40,DSMC,LINDAL,SDIGM,24544,37f402af-05d4-483f-933d-1a48650601cc,752,202004,202006,39756df3-565c-43ab-f791-57b1b1e7fb18,STIM DIRECT - AUSTRIA,40,AUSTRI,Spotify Premium Europa Mek.,,165,0.68,100,100,60,SOURCE,0.408,0,0,0.408,20/04,20/06,Sweden,Austria,163326,"SE 100413256 LINDAL, LISA","LINDAL, LISA JOHANNA",Streaming Mechanical,Digital Mechanical,WHY AM I HERE,"LINDAL, LISA JOHANNA"
752,202101202106,5fc31e4b-a649-40c3-b8d3-250f5835454c,7a3d5bf4-567d-4fb8-8252-de7e140e4c48,9e492840-5511-4e2c-ba71-ad099fc1756a,4a231511-3e2c-4341-abe1-46f0c295dafd,WW 008977019 00,6224454,40,DSPF,LINDAL,SDIGP,24544,37f402af-05d4-483f-933d-1a48650601cc,752,202004,202006,39756df3-565c-43ab-f791-57b1b1e7fb18,STIM DIRECT - AUSTRIA,40,AUSTRI,Spotify Family Europa Utf.,,204,0.51,100,100,20,SOURCE,0.102,0,0,0.102,20/04,20/06,Sweden,Austria,163326,"SE 100413256 LINDAL, LISA","LINDAL, LISA JOHANNA",Streaming Performance,Digital Performance,WHY AM I HERE,"LINDAL, LISA JOHANNA"
752,202101202106,5fc31e4b-a649-40c3-b8d3-250f5835454c,7a3d5bf4-567d-4fb8-8252-de7e140e4c48,b0f05fd1-7d7d-4020-b8af-91e7ed8fba57,4a231511-3e2c-4341-abe1-46f0c295dafd,WW 008977019 00,6224454,40,DSPF,LINDAL,SDIGP,24544,37f402af-05d4-483f-933d-1a48650601cc,752,202004,202006,39756df3-565c-43ab-f791-57b1b1e7fb18,STIM DIRECT - AUSTRIA,40,AUSTRI,Spotify Free Europa Utf.,,182,0.04,100,100,20,SOURCE,0.008,0,0,0.008,20/04,20/06,Sweden,Austria,163326,"SE 100413256 LINDAL, LISA","LINDAL, LISA JOHANNA",Streaming Performance,Digital Performance,WHY AM I HERE,"LINDAL, LISA JOHANNA"
752,202101202106,5fc31e4b-a649-40c3-b8d3-250f5835454c,7a3d5bf4-567d-4fb8-8252-de7e140e4c48,b9aa3465-6df1-4e2d-af90-6ba483b0a12f,4a231511-3e2c-4341-abe1-46f0c295dafd,WW 008977019 00,6224454,40,DSPF,LINDAL,SDIGP,24544,37f402af-05d4-483f-933d-1a48650601cc,752,202004,202006,39756df3-565c-43ab-f791-57b1b1e7fb18,STIM DIRECT - AUSTRIA,40,AUSTRI,Spotify Premium Europa Utf.,,165,0.68,100,100,20,SOURCE,0.136,0,0,0.136,20/04,20/06,Sweden,Austria,163326,"SE 100413256 LINDAL, LISA","LINDAL, LISA JOHANNA",Streaming Performance,Digital Performance,WHY AM I HERE,"LINDAL, LISA JOHANNA"
752,202101202106,5fc31e4b-a649-40c3-b8d3-250f5835454c,7a3d5bf4-567d-4fb8-8252-de7e140e4c48,276ae709-e43b-46c0-a712-78cb1522b0a1,4a231511-3e2c-4341-abe1-46f0c295dafd,WW 008977019 00,6224454,710,DSMC,LINDAL,SDIGM,24545,37f402af-05d4-483f-933d-1a48650601cc,752,202004,202006,e7a07624-8b2a-435a-df8f-54c3da6a8429,STIM DIRECT - AFRICA,818,EGYP,Spotify Free Afrika EUR ICE Me,,44,0.01,100,100,60,SOURCE,0.006,0,0,0.006,20/04,20/06,Sweden,South Africa,163326,"SE 100413256 LINDAL, LISA","LINDAL, LISA JOHANNA",Streaming Mechanical,Digital Mechanical,WHY AM I HERE,"LINDAL, LISA JOHANNA"
752,202101202106,5fc31e4b-a649-40c3-b8d3-250f5835454c,7a3d5bf4-567d-4fb8-8252-de7e140e4c48,939a038b-632d-475a-b6c0-12d7f06b02fe,4a231511-3e2c-4341-abe1-46f0c295dafd,WW 008977019 00,6224454,710,DSMC,LINDAL,SDIGM,24545,37f402af-05d4-483f-933d-1a48650601cc,752,202004,202006,e7a07624-8b2a-435a-df8f-54c3da6a8429,STIM DIRECT - AFRICA,818,EGYP,Spotify Premium Afrika EUR ICE,,8,0.02,100,100,60,SOURCE,0.012,0,0,0.012,20/04,20/06,Sweden,South Africa,163326,"SE 100413256 LINDAL, LISA","LINDAL, LISA JOHANNA",Streaming Mechanical,Digital Mechanical,WHY AM I HERE,"LINDAL, LISA JOHANNA"
752,202101202106,5fc31e4b-a649-40c3-b8d3-250f5835454c,7a3d5bf4-567d-4fb8-8252-de7e140e4c48,655cf072-ae8b-49ab-bdaf-39045a0f1326,4a231511-3e2c-4341-abe1-46f0c295dafd,WW 008977019 00,6224454,710,DSPF,LINDAL,SDIGP,24545,37f402af-05d4-483f-933d-1a48650601cc,752,202004,202006,e7a07624-8b2a-435a-df8f-54c3da6a8429,STIM DIRECT - AFRICA,818,EGYP,Spotify Free Afrika EUR ICE Ut,,44,0.01,100,100,20,SOURCE,0.002,0,0,0.002,20/04,20/06,Sweden,South Africa,163326,"SE 100413256 LINDAL, LISA","LINDAL, LISA JOHANNA",Streaming Performance,Digital Performance,WHY AM I HERE,"LINDAL, LISA JOHANNA"
752,202101202106,5fc31e4b-a649-40c3-b8d3-250f5835454c,7a3d5bf4-567d-4fb8-8252-de7e140e4c48,cd71bd5f-94c5-44cb-84e2-d9e6d1635be0,4a231511-3e2c-4341-abe1-46f0c295dafd,WW 008977019 00,6224454,710,DSPF,LINDAL,SDIGP,24545,37f402af-05d4-483f-933d-1a48650601cc,752,202004,202006,e7a07624-8b2a-435a-df8f-54c3da6a8429,STIM DIRECT - AFRICA,818,EGYP,Spotify Premium Afrika EUR ICE,,8,0.01,100,100,20,SOURCE,0.002,0,0,0.002,20/04,20/06,Sweden,South Africa,163326,"SE 100413256 LINDAL, LISA","LINDAL, LISA JOHANNA",Streaming Performance,Digital Performance,WHY AM I HERE,"LINDAL, LISA JOHANNA"
752,202101202106,5fc31e4b-a649-40c3-b8d3-250f5835454c,7a3d5bf4-567d-4fb8-8252-de7e140e4c48,f60bcb8e-cbac-49ef-8456-4ebea812ab12,4a231511-3e2c-4341-abe1-46f0c295dafd,WW 008977019 00,6224454,528,DSMC,LINDAL,SDIGM,24547,37f402af-05d4-483f-933d-1a48650601cc,752,202004,202006,31b9f787-cec8-4b49-db81-690f6f3e1b77,STIM DIRECT - NETHERLANDS,528,NETHERLAND,Spotify Family Europa Mek.,,385,0.74,100,100,60,SOURCE,0.444,0,0,0.444,20/04,20/06,Sweden,Netherlands,163326,"SE 100413256 LINDAL, LISA","LINDAL, LISA JOHANNA",Streaming Mechanical,Digital Mechanical,WHY AM I HERE,"LINDAL, LISA JOHANNA"
752,202101202106,5fc31e4b-a649-40c3-b8d3-250f5835454c,7a3d5bf4-567d-4fb8-8252-de7e140e4c48,7d6a1a14-f111-4af5-b37e-d5ca7d25279b,4a231511-3e2c-4341-abe1-46f0c295dafd,WW 008977019 00,6224454,528,DSMC,LINDAL,SDIGM,24547,37f402af-05d4-483f-933d-1a48650601cc,752,202004,202006,31b9f787-cec8-4b49-db81-690f6f3e1b77,STIM DIRECT - NETHERLANDS,528,NETHERLAND,Spotify Premium Europa Mek.,,215,0.74,100,100,60,SOURCE,0.444,0,0,0.444,20/04,20/06,Sweden,Netherlands,163326,"SE 100413256 LINDAL, LISA","LINDAL, LISA JOHANNA",Streaming Mechanical,Digital Mechanical,WHY AM I HERE,"LINDAL, LISA JOHANNA"
752,202101202106,5fc31e4b-a649-40c3-b8d3-250f5835454c,7a3d5bf4-567d-4fb8-8252-de7e140e4c48,552fe3b2-3e48-4e46-a338-266485dfec8b,4a231511-3e2c-4341-abe1-46f0c295dafd,WW 008977019 00,6224454,528,DSPF,LINDAL,SDIGP,24547,37f402af-05d4-483f-933d-1a48650601cc,752,202004,202006,31b9f787-cec8-4b49-db81-690f6f3e1b77,STIM DIRECT - NETHERLANDS,528,NETHERLAND,Spotify Family Europa Utf.,,385,1.14,100,100,20,SOURCE,0.228,0,0,0.228,20/04,20/06,Sweden,Netherlands,163326,"SE 100413256 LINDAL, LISA","LINDAL, LISA JOHANNA",Streaming Performance,Digital Performance,WHY AM I HERE,"LINDAL, LISA JOHANNA"
752,202101202106,5fc31e4b-a649-40c3-b8d3-250f5835454c,7a3d5bf4-567d-4fb8-8252-de7e140e4c48,268af4ac-436b-4f6f-a81f-4b0a79a241a8,4a231511-3e2c-4341-abe1-46f0c295dafd,WW 008977019 00,6224454,528,DSPF,LINDAL,SDIGP,24547,37f402af-05d4-483f-933d-1a48650601cc,752,202004,202006,31b9f787-cec8-4b49-db81-690f6f3e1b77,STIM DIRECT - NETHERLANDS,528,NETHERLAND,Spotify Premium Europa Utf.,,215,1.12,100,100,20,SOURCE,0.224,0,0,0.224,20/04,20/06,Sweden,Netherlands,163326,"SE 100413256 LINDAL, LISA","LINDAL, LISA JOHANNA",Streaming Performance,Digital Performance,WHY AM I HERE,"LINDAL, LISA JOHANNA"
752,202101202106,5fc31e4b-a649-40c3-b8d3-250f5835454c,7a3d5bf4-567d-4fb8-8252-de7e140e4c48,1eb3ab60-7097-4e2e-9674-cbd0e4bbf538,4a231511-3e2c-4341-abe1-46f0c295dafd,WW 008977019 00,6224454,826,DSMC,LINDAL,SDIGM,24548,37f402af-05d4-483f-933d-1a48650601cc,752,202004,202006,849e8404-0cf1-471b-d01c-faafd8e19f4b,"STIM DIRECT - UK, EIRE",826,UNITED KINGDO,Spotify Family Europa Mek.,,997,5.38,100,100,60,SOURCE,3.228,0,0,3.228,20/04,20/06,Sweden,United Kingdom,163326,"SE 100413256 LINDAL, LISA","LINDAL, LISA JOHANNA",Streaming Mechanical,Digital Mechanical,WHY AM I HERE,"LINDAL, LISA JOHANNA"
752,202101202106,5fc31e4b-a649-40c3-b8d3-250f5835454c,7a3d5bf4-567d-4fb8-8252-de7e140e4c48,a6179129-5b5b-4d46-8da3-7b296c4528a1,4a231511-3e2c-4341-abe1-46f0c295dafd,WW 008977019 00,6224454,826,DSMC,LINDAL,SDIGM,24548,37f402af-05d4-483f-933d-1a48650601cc,752,202004,202006,849e8404-0cf1-471b-d01c-faafd8e19f4b,"STIM DIRECT - UK, EIRE",826,UNITED KINGDO,Spotify Free Europa Mek.,,1037,1.38,100,100,60,SOURCE,0.828,0,0,0.828,20/04,20/06,Sweden,United Kingdom,163326,"SE 100413256 LINDAL, LISA","LINDAL, LISA JOHANNA",Streaming Mechanical,Digital Mechanical,WHY AM I HERE,"LINDAL, LISA JOHANNA"
752,202101202106,5fc31e4b-a649-40c3-b8d3-250f5835454c,7a3d5bf4-567d-4fb8-8252-de7e140e4c48,e87008e0-5730-47bb-b953-eed7f1f1a6b0,4a231511-3e2c-4341-abe1-46f0c295dafd,WW 008977019 00,6224454,826,DSMC,LINDAL,SDIGM,24548,37f402af-05d4-483f-933d-1a48650601cc,752,202004,202006,849e8404-0cf1-471b-d01c-faafd8e19f4b,"STIM DIRECT - UK, EIRE",826,UNITED KINGDO,Spotify Premium Europa Mek.,,1292,11.44,100,100,60,SOURCE,6.864,0,0,6.864,20/04,20/06,Sweden,United Kingdom,163326,"SE 100413256 LINDAL, LISA","LINDAL, LISA JOHANNA",Streaming Mechanical,Digital Mechanical,WHY AM I HERE,"LINDAL, LISA JOHANNA"
752,202101202106,5fc31e4b-a649-40c3-b8d3-250f5835454c,7a3d5bf4-567d-4fb8-8252-de7e140e4c48,8a96eae1-88f5-4d9d-a2be-8c22de3669c3,4a231511-3e2c-4341-abe1-46f0c295dafd,WW 008977019 00,6224454,826,DSMC,LINDAL,SDIGM,24548,37f402af-05d4-483f-933d-1a48650601cc,752,202004,202006,849e8404-0cf1-471b-d01c-faafd8e19f4b,"STIM DIRECT - UK, EIRE",826,UNITED KINGDO,Spotify Student Europa Mek.,,225,0.73,100,100,60,SOURCE,0.438,0,0,0.438,20/04,20/06,Sweden,United Kingdom,163326,"SE 100413256 LINDAL, LISA","LINDAL, LISA JOHANNA",Streaming Mechanical,Digital Mechanical,WHY AM I HERE,"LINDAL, LISA JOHANNA"
752,202101202106,5fc31e4b-a649-40c3-b8d3-250f5835454c,7a3d5bf4-567d-4fb8-8252-de7e140e4c48,3920ecc8-069e-42ec-b68b-5ce296278a15,4a231511-3e2c-4341-abe1-46f0c295dafd,WW 008977019 00,6224454,826,DSPF,LINDAL,SDIGP,24548,37f402af-05d4-483f-933d-1a48650601cc,752,202004,202006,849e8404-0cf1-471b-d01c-faafd8e19f4b,"STIM DIRECT - UK, EIRE",826,UNITED KINGDO,Spotify Family Europa Utf.,,997,2.7,100,100,20,SOURCE,0.54,0,0,0.54,20/04,20/06,Sweden,United Kingdom,163326,"SE 100413256 LINDAL, LISA","LINDAL, LISA JOHANNA",Streaming Performance,Digital Performance,WHY AM I HERE,"LINDAL, LISA JOHANNA"
752,202101202106,5fc31e4b-a649-40c3-b8d3-250f5835454c,7a3d5bf4-567d-4fb8-8252-de7e140e4c48,f46f1979-7fad-476f-949c-409a708ee350,4a231511-3e2c-4341-abe1-46f0c295dafd,WW 008977019 00,6224454,826,DSPF,LINDAL,SDIGP,24548,37f402af-05d4-483f-933d-1a48650601cc,752,202004,202006,849e8404-0cf1-471b-d01c-faafd8e19f4b,"STIM DIRECT - UK, EIRE",826,UNITED KINGDO,Spotify Free Europa Utf.,,1037,0.69,100,100,20,SOURCE,0.138,0,0,0.138,20/04,20/06,Sweden,United Kingdom,163326,"SE 100413256 LINDAL, LISA","LINDAL, LISA JOHANNA",Streaming Performance,Digital Performance,WHY AM I HERE,"LINDAL, LISA JOHANNA"
752,202101202106,5fc31e4b-a649-40c3-b8d3-250f5835454c,7a3d5bf4-567d-4fb8-8252-de7e140e4c48,072619a3-2405-4790-9264-d469dcef3a27,4a231511-3e2c-4341-abe1-46f0c295dafd,WW 008977019 00,6224454,826,DSPF,LINDAL,SDIGP,24548,37f402af-05d4-483f-933d-1a48650601cc,752,202004,202006,849e8404-0cf1-471b-d01c-faafd8e19f4b,"STIM DIRECT - UK, EIRE",826,UNITED KINGDO,Spotify Premium Europa Utf.,,1292,5.72,100,100,20,SOURCE,1.144,0,0,1.144,20/04,20/06,Sweden,United Kingdom,163326,"SE 100413256 LINDAL, LISA","LINDAL, LISA JOHANNA",Streaming Performance,Digital Performance,WHY AM I HERE,"LINDAL, LISA JOHANNA"
752,202101202106,5fc31e4b-a649-40c3-b8d3-250f5835454c,7a3d5bf4-567d-4fb8-8252-de7e140e4c48,4a8229c8-4e52-4e30-85e6-e0c56bb258f7,4a231511-3e2c-4341-abe1-46f0c295dafd,WW 008977019 00,6224454,826,DSPF,LINDAL,SDIGP,24548,37f402af-05d4-483f-933d-1a48650601cc,752,202004,202006,849e8404-0cf1-471b-d01c-faafd8e19f4b,"STIM DIRECT - UK, EIRE",826,UNITED KINGDO,Spotify Student Europa Utf.,,225,0.37,100,100,20,SOURCE,0.074,0,0,0.074,20/04,20/06,Sweden,United Kingdom,163326,"SE 100413256 LINDAL, LISA","LINDAL, LISA JOHANNA",Streaming Performance,Digital Performance,WHY AM I HERE,"LINDAL, LISA JOHANNA"
752,202101202106,5fc31e4b-a649-40c3-b8d3-250f5835454c,7a3d5bf4-567d-4fb8-8252-de7e140e4c48,e142fbac-bffd-4c86-beb0-be8b15e1a44d,4a231511-3e2c-4341-abe1-46f0c295dafd,WW 008977019 00,6224454,250,DSMC,LINDAL,SDIGM,24549,37f402af-05d4-483f-933d-1a48650601cc,752,202004,202006,2d2ebf87-90ea-4399-d0b6-443ec97d7322,STIM DIRECT - FRANCE,250,FRANC,Spotify Family Europa Mek.,,516,3.45,100,100,60,SOURCE,2.07,0,0,2.07,20/04,20/06,Sweden,France,163326,"SE 100413256 LINDAL, LISA","LINDAL, LISA JOHANNA",Streaming Mechanical,Digital Mechanical,WHY AM I HERE,"LINDAL, LISA JOHANNA"
752,202101202106,5fc31e4b-a649-40c3-b8d3-250f5835454c,7a3d5bf4-567d-4fb8-8252-de7e140e4c48,4248f624-d79a-4d78-8c2b-93e474d42ece,4a231511-3e2c-4341-abe1-46f0c295dafd,WW 008977019 00,6224454,250,DSMC,LINDAL,SDIGM,24549,37f402af-05d4-483f-933d-1a48650601cc,752,202004,202006,2d2ebf87-90ea-4399-d0b6-443ec97d7322,STIM DIRECT - FRANCE,250,FRANC,Spotify Free Europa Mek.,,489,0.2,100,100,60,SOURCE,0.12,0,0,0.12,20/04,20/06,Sweden,France,163326,"SE 100413256 LINDAL, LISA","LINDAL, LISA JOHANNA",Streaming Mechanical,Digital Mechanical,WHY AM I HERE,"LINDAL, LISA JOHANNA"
752,202101202106,5fc31e4b-a649-40c3-b8d3-250f5835454c,7a3d5bf4-567d-4fb8-8252-de7e140e4c48,68b3f7ea-a062-4fd2-8812-4b85e3fa882d,4a231511-3e2c-4341-abe1-46f0c295dafd,WW 008977019 00,6224454,250,DSMC,LINDAL,SDIGM,24549,37f402af-05d4-483f-933d-1a48650601cc,752,202004,202006,2d2ebf87-90ea-4399-d0b6-443ec97d7322,STIM DIRECT - FRANCE,250,FRANC,Spotify Premium Europa Mek.,,450,4.54,100,100,60,SOURCE,2.724,0,0,2.724,20/04,20/06,Sweden,France,163326,"SE 100413256 LINDAL, LISA","LINDAL, LISA JOHANNA",Streaming Mechanical,Digital Mechanical,WHY AM I HERE,"LINDAL, LISA JOHANNA"
752,202101202106,5fc31e4b-a649-40c3-b8d3-250f5835454c,7a3d5bf4-567d-4fb8-8252-de7e140e4c48,d605804f-1052-44f4-87f6-8dff91033f2c,4a231511-3e2c-4341-abe1-46f0c295dafd,WW 008977019 00,6224454,250,DSMC,LINDAL,SDIGM,24549,37f402af-05d4-483f-933d-1a48650601cc,752,202004,202006,2d2ebf87-90ea-4399-d0b6-443ec97d7322,STIM DIRECT - FRANCE,250,FRANC,Spotify Student Europa Mek.,,87,0.36,100,100,60,SOURCE,0.216,0,0,0.216,20/04,20/06,Sweden,France,163326,"SE 100413256 LINDAL, LISA","LINDAL, LISA JOHANNA",Streaming Mechanical,Digital Mechanical,WHY AM I HERE,"LINDAL, LISA JOHANNA"
752,202101202106,5fc31e4b-a649-40c3-b8d3-250f5835454c,7a3d5bf4-567d-4fb8-8252-de7e140e4c48,1d098398-f0f5-4964-9db9-7f3d22b82cd3,4a231511-3e2c-4341-abe1-46f0c295dafd,WW 008977019 00,6224454,250,DSPF,LINDAL,SDIGP,24549,37f402af-05d4-483f-933d-1a48650601cc,752,202004,202006,2d2ebf87-90ea-4399-d0b6-443ec97d7322,STIM DIRECT - FRANCE,250,FRANC,Spotify Family Europa Utf.,,516,0.57,100,100,20,SOURCE,0.114,0,0,0.114,20/04,20/06,Sweden,France,163326,"SE 100413256 LINDAL, LISA","LINDAL, LISA JOHANNA",Streaming Performance,Digital Performance,WHY AM I HERE,"LINDAL, LISA JOHANNA"
752,202101202106,5fc31e4b-a649-40c3-b8d3-250f5835454c,7a3d5bf4-567d-4fb8-8252-de7e140e4c48,9f4a7528-1135-4c82-acb7-ae0f50e4a751,4a231511-3e2c-4341-abe1-46f0c295dafd,WW 008977019 00,6224454,250,DSPF,LINDAL,SDIGP,24549,37f402af-05d4-483f-933d-1a48650601cc,752,202004,202006,2d2ebf87-90ea-4399-d0b6-443ec97d7322,STIM DIRECT - FRANCE,250,FRANC,Spotify Free Europa Utf.,,489,0.1,100,100,20,SOURCE,0.02,0,0,0.02,20/04,20/06,Sweden,France,163326,"SE 100413256 LINDAL, LISA","LINDAL, LISA JOHANNA",Streaming Performance,Digital Performance,WHY AM I HERE,"LINDAL, LISA JOHANNA"
752,202101202106,5fc31e4b-a649-40c3-b8d3-250f5835454c,7a3d5bf4-567d-4fb8-8252-de7e140e4c48,68502c0f-b910-4f8e-bfe2-bd9fa26021de,4a231511-3e2c-4341-abe1-46f0c295dafd,WW 008977019 00,6224454,250,DSPF,LINDAL,SDIGP,24549,37f402af-05d4-483f-933d-1a48650601cc,752,202004,202006,2d2ebf87-90ea-4399-d0b6-443ec97d7322,STIM DIRECT - FRANCE,250,FRANC,Spotify Premium Europa Utf.,,450,0.76,100,100,20,SOURCE,0.152,0,0,0.152,20/04,20/06,Sweden,France,163326,"SE 100413256 LINDAL, LISA","LINDAL, LISA JOHANNA",Streaming Performance,Digital Performance,WHY AM I HERE,"LINDAL, LISA JOHANNA"
752,202101202106,5fc31e4b-a649-40c3-b8d3-250f5835454c,7a3d5bf4-567d-4fb8-8252-de7e140e4c48,cee0b063-80ce-494c-98ec-060eaddc19d6,4a231511-3e2c-4341-abe1-46f0c295dafd,WW 008977019 00,6224454,250,DSPF,LINDAL,SDIGP,24549,37f402af-05d4-483f-933d-1a48650601cc,752,202004,202006,2d2ebf87-90ea-4399-d0b6-443ec97d7322,STIM DIRECT - FRANCE,250,FRANC,Spotify Student Europa Utf.,,87,0.06,100,100,20,SOURCE,0.012,0,0,0.012,20/04,20/06,Sweden,France,163326,"SE 100413256 LINDAL, LISA","LINDAL, LISA JOHANNA",Streaming Performance,Digital Performance,WHY AM I HERE,"LINDAL, LISA JOHANNA"
752,202101202106,5fc31e4b-a649-40c3-b8d3-250f5835454c,7a3d5bf4-567d-4fb8-8252-de7e140e4c48,dd210549-5778-4280-ab3b-62be681014b4,4a231511-3e2c-4341-abe1-46f0c295dafd,WW 008977019 00,6224454,56,DSMC,LINDAL,SDIGM,24550,37f402af-05d4-483f-933d-1a48650601cc,752,202004,202006,e717423d-e2e3-48d6-ef08-e4b946123bc2,STIM DIRECT - BELGIUM,56,BELGIU,Spotify Family Europa Mek.,,108,0.28,100,100,60,SOURCE,0.168,0,0,0.168,20/04,20/06,Sweden,Belgium,163326,"SE 100413256 LINDAL, LISA","LINDAL, LISA JOHANNA",Streaming Mechanical,Digital Mechanical,WHY AM I HERE,"LINDAL, LISA JOHANNA"
752,202101202106,5fc31e4b-a649-40c3-b8d3-250f5835454c,7a3d5bf4-567d-4fb8-8252-de7e140e4c48,033b5df0-06b7-4515-aa21-529b27e7defc,4a231511-3e2c-4341-abe1-46f0c295dafd,WW 008977019 00,6224454,56,DSMC,LINDAL,SDIGM,24550,37f402af-05d4-483f-933d-1a48650601cc,752,202004,202006,e717423d-e2e3-48d6-ef08-e4b946123bc2,STIM DIRECT - BELGIUM,56,BELGIU,Spotify Free Europa Mek.,,95,0.02,100,100,60,SOURCE,0.012,0,0,0.012,20/04,20/06,Sweden,Belgium,163326,"SE 100413256 LINDAL, LISA","LINDAL, LISA JOHANNA",Streaming Mechanical,Digital Mechanical,WHY AM I HERE,"LINDAL, LISA JOHANNA"
752,202101202106,5fc31e4b-a649-40c3-b8d3-250f5835454c,7a3d5bf4-567d-4fb8-8252-de7e140e4c48,068aa76d-7add-4475-acef-8e8f2c5491dd,4a231511-3e2c-4341-abe1-46f0c295dafd,WW 008977019 00,6224454,56,DSMC,LINDAL,SDIGM,24550,37f402af-05d4-483f-933d-1a48650601cc,752,202004,202006,e717423d-e2e3-48d6-ef08-e4b946123bc2,STIM DIRECT - BELGIUM,56,BELGIU,Spotify Premium Europa Mek.,,29,0.13,100,100,60,SOURCE,0.078,0,0,0.078,20/04,20/06,Sweden,Belgium,163326,"SE 100413256 LINDAL, LISA","LINDAL, LISA JOHANNA",Streaming Mechanical,Digital Mechanical,WHY AM I HERE,"LINDAL, LISA JOHANNA"
752,202101202106,5fc31e4b-a649-40c3-b8d3-250f5835454c,7a3d5bf4-567d-4fb8-8252-de7e140e4c48,00bb04ec-396a-49d4-b5b2-d8a17367afcc,4a231511-3e2c-4341-abe1-46f0c295dafd,WW 008977019 00,6224454,56,DSPF,LINDAL,SDIGP,24550,37f402af-05d4-483f-933d-1a48650601cc,752,202004,202006,e717423d-e2e3-48d6-ef08-e4b946123bc2,STIM DIRECT - BELGIUM,56,BELGIU,Spotify Family Europa Utf.,,108,0.28,100,100,20,SOURCE,0.056,0,0,0.056,20/04,20/06,Sweden,Belgium,163326,"SE 100413256 LINDAL, LISA","LINDAL, LISA JOHANNA",Streaming Performance,Digital Performance,WHY AM I HERE,"LINDAL, LISA JOHANNA"
752,202101202106,5fc31e4b-a649-40c3-b8d3-250f5835454c,7a3d5bf4-567d-4fb8-8252-de7e140e4c48,fb337680-fd91-4b88-bd13-7eb62944bb95,4a231511-3e2c-4341-abe1-46f0c295dafd,WW 008977019 00,6224454,56,DSPF,LINDAL,SDIGP,24550,37f402af-05d4-483f-933d-1a48650601cc,752,202004,202006,e717423d-e2e3-48d6-ef08-e4b946123bc2,STIM DIRECT - BELGIUM,56,BELGIU,Spotify Free Europa Utf.,,95,0.02,100,100,20,SOURCE,0.004,0,0,0.004,20/04,20/06,Sweden,Belgium,163326,"SE 100413256 LINDAL, LISA","LINDAL, LISA JOHANNA",Streaming Performance,Digital Performance,WHY AM I HERE,"LINDAL, LISA JOHANNA"
752,202101202106,5fc31e4b-a649-40c3-b8d3-250f5835454c,7a3d5bf4-567d-4fb8-8252-de7e140e4c48,670f333c-a77b-4098-8652-8c30784b847e,4a231511-3e2c-4341-abe1-46f0c295dafd,WW 008977019 00,6224454,56,DSPF,LINDAL,SDIGP,24550,37f402af-05d4-483f-933d-1a48650601cc,752,202004,202006,e717423d-e2e3-48d6-ef08-e4b946123bc2,STIM DIRECT - BELGIUM,56,BELGIU,Spotify Premium Europa Utf.,,29,0.13,100,100,20,SOURCE,0.026,0,0,0.026,20/04,20/06,Sweden,Belgium,163326,"SE 100413256 LINDAL, LISA","LINDAL, LISA JOHANNA",Streaming Performance,Digital Performance,WHY AM I HERE,"LINDAL, LISA JOHANNA"
